Workbook

Sheet Projects
A1: P-002 | B1: Mobile App v2 | C1: Bob Smith | D1: 80000 | E1: 72000 | F1: In Progress | G1: Critical | H1: 45616 | I1: 45792 | J1: Rem=D2-E2aining | K1: =E1/D1*100 -> 90 | L1: =i=IF(K2<=100,"Yes","Noo") -> #NAME?
A2: P-005 | B2: Security Audit | C2: Eva Martinez | D2: 25000 | E2: 18000 | F2: In Progress | G2: Critical | H2: 45748 | I2: 45853 | J2: =D3-E3 -> 75000 | K2: =E2/D2*100 -> 72 | L2: =ifk2rek2<=100,"Yes","No") -> #VALUE!
A3: P-008 | B3: Cloud Migration | C3: Henry Taylor | D3: 120000 | E3: 45000 | F3: In Progress | G3: Critical | H3: 45667 | I3: 46022 | J3: =D4-E4 -> 5000 | K3: =E3/D3*100 -> 37.5
A4: P-007 | B4: API Gateway | C4: Grace Lee | D4: 60000 | E4: 55000 | F4: In Progress | G4: High | H4: 45627 | I4: 45823 | J4: =D5-E5 -> 15000 | K4: =E4/D4*100 -> 91.666667
A5: P-001 | B5: Website Redesign | C5: Alice Johnson | D5: 50000 | E5: 35000 | F5: In Progress | G5: High | H5: 45672 | I5: 45838 | J5: =D6-E6 -> 25000 | K5: =E5/D5*100 -> 70
A6: P-004 | B6: CRM Integration | C6: David Wilson | D6: 45000 | E6: 20000 | F6: In Progress | G6: High | H6: 45726 | I6: 45900 | J6: =D7-E7 -> 0 | K6: =E6/D6*100 -> 44.444444
A7: P-009 | B7: Training Portal | C7: Iris Chen | D7: 20000 | E7: 20000 | F7: Completed | G7: Low | H7: 45703 | I7: 45778 | J7: =D8-E8 -> 0 | K7: =E7/D7*100 -> 100
A8: P-003 | B8: Data Migration | C8: Carol Davis | D8: 30000 | E8: 30000 | F8: Completed | G8: Medium | H8: 45689 | I8: 45777 | J8: =D9-E9 -> 25000 | K8: =E8/D8*100 -> 100
A9: P-006 | B9: Analytics Dashboard | C9: Frank Brown | D9: 35000 | E9: 10000 | F9: Planning | G9: Medium | H9: 45809 | I9: 45961 | J9: =D10-E10 -> 7000 | K9: =E10/D10*100 -> 53.333333 | L9: =IF(K10<=100,"Yes","No") -> Yes
A10: P-010 | B10: Compliance Update | C10: Jack Anderson | D10: 15000 | E10: 8000 | F10: In Progress | G10: Medium | H10: 45778 | I10: 45930 | J10: =D11-E11 -> #VALUE! | K10: =E10/D10*100 -> 53.333333
A11: Project ID | B11: Project Name | C11: Team Lead | D11: Budget | E11: Spent | F11: Status | G11: Priority | H11: Start Date | I11: End Date | J11: =D12-E12 -> 0 | K11: % Spent | L11: =IF(K4<=100,"Yes","No") -> Yes
L12: =IF(K5<=100,"Yes","No") -> Yes
L13: =IF(K6<=100,"Yes","No") -> Yes
L14: =IF(K7<=100,"Yes","No") -> Yes
L15: =IF(K8<=100,"Yes","No") -> Yes
L16: =IF(K9<=100,"Yes","No") -> Yes

Sheet PrioritySummary
A1: Priority | B1: Count | C1: Total Budget | D1: Total Spent | E1: Avg % Spent
A2: Critical | B2: =COUNTIF(Projects!G:G,"Critical") -> 3 | C2: =SUMIF(Projects!G:G,"Critical",Projects!D:D) -> 225000 | D2: =SUMIF(Projects!G:G,"Critical",Projects!E:E) -> 135000 | E2: =AVERAGEIF(Projects!G:G,"Critical",Projects!K:K) -> 66.5
A3: High | B3: =COUNTIF(Projects!G:G,"Critical") -> 3 | C3: =SUMIF(Projects!G:G,"Critical",Projects!D:D) -> 225000 | D3: =SUMIF(Projects!G:G,"Critical",Projects!E:E) -> 135000 | E3: =AVERAGEIF(Projects!G:G,"Critical",Projects!K:K) -> 66.5
A4: Medium | B4: =COUNTIF(Projects!G:G,"Critical") -> 3 | C4: =SUMIF(Projects!G:G,"Critical",Projects!D:D) -> 225000 | D4: =SUMIF(Projects!G:G,"Critical",Projects!E:E) -> 135000 | E4: =AVERAGEIF(Projects!G:G,"Critical",Projects!K:K) -> 66.5
A5: Low | B5: =COUNTIF(Projects!G:G,"Critical") -> 3 | C5: =SUMIF(Projects!G:G,"Critical",Projects!D:D) -> 225000 | D5: =SUMIF(Projects!G:G,"Critical",Projects!E:E) -> 135000 | E5: =AVERAGEIF(Projects!G:G,"Critical",Projects!K:K) -> 66.5

Sheet AtRisk
A1: Project Name | B1: Team Lead | C1: Priority | D1: % Spent | E1: Remaining
A2: Mobile App | B2: Bob Smith | C2: Critical | D2: 90 | E2: 8000
A3: API Gateway | B3: Grace Lee | C3: High | D3: 91.7 | E3: 5000
A4: Data Migration | B4: Carol Davis | C4: Medium | D4: 100 | E4: 0
A5: Training Portal | B5: Iris Chen | C5: Low | D5: 100 | E5: 0

Sheet Sheet3
