Workbook

Sheet Inventory
A1: SKU | B1: Product Name | C1: Category | D1: Quantity | E1: Unit Cost | F1: Reorder Level | G1: Supplier | H1: Total Value | I1: Restock Qty | J1: Restock Cost
A2: SKU-009 | B2: Cable HDMI 6ft | C2: Accessories | D2: 300 | E2: 12.99 | F2: 100 | G2: CableCo | H2: =ROUND(D2*E2,2) -> 3897 | I2: =MAX(0,F2*2-D2) -> 0 | J2: =ROUND(I2*E2,2) -> 0
A3: SKU-013 | B3: Charger 65W | C3: Accessories | D3: 160 | E3: 29.99 | F3: 40 | G3: CableCo | H3: =ROUND(D3*E3,2) -> 4798.4 | I3: =MAX(0,F3*2-D3) -> 0 | J3: =ROUND(I3*E3,2) -> 0
A4: SKU-005 | B4: Keyboard Mech | C4: Accessories | D4: 180 | E4: 79.99 | F4: 40 | G4: PeriphCo | H4: =ROUND(D4*E4,2) -> 14398.2 | I4: =MAX(0,F4*2-D4) -> 0 | J4: =ROUND(I4*E4,2) -> 0
A5: SKU-012 | B5: Mouse Pad XL | C5: Accessories | D5: 250 | E5: 14.99 | F5: 60 | G5: PeriphCo | H5: =ROUND(D5*E5,2) -> 3747.5 | I5: =MAX(0,F5*2-D5) -> 0 | J5: =ROUND(I5*E5,2) -> 0
A6: SKU-003 | B6: USB-C Hub | C6: Accessories | D6: 150 | E6: 39.99 | F6: 30 | G6: PeriphCo | H6: =ROUND(D6*E6,2) -> 5998.5 | I6: =MAX(0,F6*2-D6) -> 0 | J6: =ROUND(I6*E6,2) -> 0
A7: SKU-002 | B7: Wireless Mouse | C7: Accessories | D7: 200 | E7: 24.99 | F7: 50 | G7: PeriphCo | H7: =ROUND(D7*E7,2) -> 4998 | I7: =MAX(0,F7*2-D7) -> 0 | J7: =ROUND(I7*E7,2) -> 0
A8: SKU-015 | B8: Earbuds TWS | C8: Audio | D8: 100 | E8: 49.99 | F8: 30 | G8: AudioMax | H8: =ROUND(D8*E8,2) -> 4999 | I8: =MAX(0,F8*2-D8) -> 0 | J8: =ROUND(I8*E8,2) -> 0
A9: SKU-007 | B9: Headset Pro | C9: Audio | D9: 120 | E9: 149.99 | F9: 35 | G9: AudioMax | H9: =ROUND(D9*E9,2) -> 17998.8 | I9: =MAX(0,F9*2-D9) -> 0 | J9: =ROUND(I9*E9,2) -> 0
A10: SKU-011 | B10: Speaker BT | C10: Audio | D10: 60 | E10: 89.99 | F10: 20 | G10: AudioMax | H10: =ROUND(D10*E10,2) -> 5399.4 | I10: =MAX(0,F10*2-D10) -> 0 | J10: =ROUND(I10*E10,2) -> 0
A11: SKU-001 | B11: Laptop Pro 15 | C11: Electronics | D11: 45 | E11: 899.99 | F11: 20 | G11: TechCorp | H11: =ROUND(D11*E11,2) -> 40499.55 | I11: =MAX(0,F11*2-D11) -> 0 | J11: =ROUND(I11*E11,2) -> 0
A12: SKU-004 | B12: Monitor 27in | C12: Electronics | D12: 30 | E12: 449.99 | F12: 15 | G12: DisplayTech | H12: =ROUND(D12*E12,2) -> 13499.7 | I12: =MAX(0,F12*2-D12) -> 0 | J12: =ROUND(I12*E12,2) -> 0
A13: SKU-010 | B13: Tablet 10in | C13: Electronics | D13: 25 | E13: 599.99 | F13: 10 | G13: TechCorp | H13: =ROUND(D13*E13,2) -> 14999.75 | I13: =MAX(0,F13*2-D13) -> 0 | J13: =ROUND(I13*E13,2) -> 0
... A16: SKU-014 | B16: Desk Stand | C16: Office | D16: 40 | E16: 59.99 | F16: 15 | G16: OfficePlus | H16: =ROUND(D16*E16,2) -> 2399.6 | I16: =MAX(0,F16*2-D16) -> 0 | J16: =ROUND(I16*E16,2) -> 0

Sheet SupplierOrders
A1: Supplier | B1: Items to Restock | C1: Total Restock Cost
B2: =COUNTIFS(Inventory!$G:$G,A2,Inventory!$I:$I,">0") -> 0 | C2: =ROUND(SUMIF(Inventory!$G:$G,A2,Inventory!$J:$J),2) -> 0
A3: TechGlobal | B3: =COUNTIFS(Inventory!$G:$G,A3,Inventory!$I:$I,">0") -> 0 | C3: =ROUND(SUMIF(Inventory!$G:$G,A3,Inventory!$J:$J),2) -> 0
A4: TechPro | B4: =COUNTIFS(Inventory!$G:$G,A4,Inventory!$I:$I,">0") -> 0 | C4: =ROUND(SUMIF(Inventory!$G:$G,A4,Inventory!$J:$J),2) -> 0

Sheet CategoryBreakdown
A1: Category | B1: Items | C1: Total Qty | D1: Total Value | E1: Restock Items | F1: Restock Cost
A2: Accessories | B2: =COUNTIF(Inventory!$C:$C,A2) -> 6 | C2: =SUMIF(Inventory!$C:$C,A2,Inventory!$D:$D) -> 1240 | D2: =ROUND(SUMIF(Inventory!$C:$C,A2,Inventory!$H:$H),2) -> 37837.6 | E2: =COUNTIFS(Inventory!$C:$C,A2,Inventory!$I:$I,">0") -> 0 | F2: =ROUND(SUMIF(Inventory!$C:$C,A2,Inventory!$J:$J),2) -> 0
A3: Audio | B3: =COUNTIF(Inventory!$C:$C,A3) -> 3 | C3: =SUMIF(Inventory!$C:$C,A3,Inventory!$D:$D) -> 280 | D3: =ROUND(SUMIF(Inventory!$C:$C,A3,Inventory!$H:$H),2) -> 28397.2 | E3: =COUNTIFS(Inventory!$C:$C,A3,Inventory!$I:$I,">0") -> 0 | F3: =ROUND(SUMIF(Inventory!$C:$C,A3,Inventory!$J:$J),2) -> 0
A4: Electronics | B4: =COUNTIF(Inventory!$C:$C,A4) -> 4 | C4: =SUMIF(Inventory!$C:$C,A4,Inventory!$D:$D) -> 190 | D4: =ROUND(SUMIF(Inventory!$C:$C,A4,Inventory!$H:$H),2) -> 75298.1 | E4: =COUNTIFS(Inventory!$C:$C,A4,Inventory!$I:$I,">0") -> 0 | F4: =ROUND(SUMIF(Inventory!$C:$C,A4,Inventory!$J:$J),2) -> 0
A5: Office | B5: =COUNTIF(Inventory!$C:$C,A5) -> 2 | C5: =SUMIF(Inventory!$C:$C,A5,Inventory!$D:$D) -> 115 | D5: =ROUND(SUMIF(Inventory!$C:$C,A5,Inventory!$H:$H),2) -> 5023.85 | E5: =COUNTIFS(Inventory!$C:$C,A5,Inventory!$I:$I,">0") -> 0 | F5: =ROUND(SUMIF(Inventory!$C:$C,A5,Inventory!$J:$J),2) -> 0
